--
-- PostgreSQL database dump
--

-- Dumped from database version 15.8
-- Dumped by pg_dump version 15.8

SET statement_timeout = 0;
SET lock_timeout = 0;
SET idle_in_transaction_session_timeout = 0;
SET client_encoding = 'UTF8';
SET standard_conforming_strings = on;
SELECT pg_catalog.set_config('search_path', '', false);
SET check_function_bodies = false;
SET xmloption = content;
SET client_min_messages = warning;
SET row_security = off;

--
-- Data for Name: users; Type: TABLE DATA; Schema: auth; Owner: supabase_auth_admin
--

INSERT INTO auth.users (instance_id, id, aud, role, email, encrypted_password, email_confirmed_at, invited_at, confirmation_token, confirmation_sent_at, recovery_token, recovery_sent_at, email_change_token_new, email_change, email_change_sent_at, last_sign_in_at, raw_app_meta_data, raw_user_meta_data, is_super_admin, created_at, updated_at, phone, phone_confirmed_at, phone_change, phone_change_token, phone_change_sent_at, email_change_token_current, email_change_confirm_status, banned_until, reauthentication_token, reauthentication_sent_at, is_sso_user, deleted_at, is_anonymous) VALUES ('00000000-0000-0000-0000-000000000000', '1068d03c-5d73-44e8-abfe-6eaa220b41fc', 'authenticated', 'authenticated', 'baltzakis.themis@gmail.com', '$2a$10$yKVH5Qi0sG50yw748AC3I.cMw9HmHXAfMmkg28jPoxyvyBrI8p82C', '2025-06-18 14:01:34.612126+03', NULL, '', NULL, '', NULL, '', '', NULL, '2025-06-18 14:47:41.538692+03', '{"provider": "email", "providers": ["email"]}', '{"sub": "1068d03c-5d73-44e8-abfe-6eaa220b41fc", "email": "baltzakis.themis@gmail.com", "full_name": "Themistoklis Baltzakis", "avatar_url": "", "email_verified": true, "phone_verified": false}', NULL, '2025-06-18 14:01:34.605901+03', '2025-06-18 14:47:41.542744+03', NULL, NULL, '', '', NULL, '', 0, NULL, '', NULL, false, NULL, false);
INSERT INTO auth.users (instance_id, id, aud, role, email, encrypted_password, email_confirmed_at, invited_at, confirmation_token, confirmation_sent_at, recovery_token, recovery_sent_at, email_change_token_new, email_change, email_change_sent_at, last_sign_in_at, raw_app_meta_data, raw_user_meta_data, is_super_admin, created_at, updated_at, phone, phone_confirmed_at, phone_change, phone_change_token, phone_change_sent_at, email_change_token_current, email_change_confirm_status, banned_until, reauthentication_token, reauthentication_sent_at, is_sso_user, deleted_at, is_anonymous) VALUES ('00000000-0000-0000-0000-000000000000', '673f4b6b-787c-4f3c-8e68-d9db976c3144', 'authenticated', 'authenticated', 'testform1750244423993@example.com', '$2a$10$1f9Y8D1om2IgnBh6Vd/DCex840qqtb.XbqS2kT6y3Xpd5GfW9a09S', '2025-06-18 14:00:24.063564+03', NULL, '', NULL, '', NULL, '', '', NULL, '2025-06-18 14:00:24.071304+03', '{"provider": "email", "providers": ["email"]}', '{"sub": "673f4b6b-787c-4f3c-8e68-d9db976c3144", "email": "testform1750244423993@example.com", "full_name": "Test Form User 1750244423993", "email_verified": true, "phone_verified": false}', NULL, '2025-06-18 14:00:24.059365+03', '2025-06-18 14:00:24.074735+03', NULL, NULL, '', '', NULL, '', 0, NULL, '', NULL, false, NULL, false);
INSERT INTO auth.users (instance_id, id, aud, role, email, encrypted_password, email_confirmed_at, invited_at, confirmation_token, confirmation_sent_at, recovery_token, recovery_sent_at, email_change_token_new, email_change, email_change_sent_at, last_sign_in_at, raw_app_meta_data, raw_user_meta_data, is_super_admin, created_at, updated_at, phone, phone_confirmed_at, phone_change, phone_change_token, phone_change_sent_at, email_change_token_current, email_change_confirm_status, banned_until, reauthentication_token, reauthentication_sent_at, is_sso_user, deleted_at, is_anonymous) VALUES ('00000000-0000-0000-0000-000000000000', 'e05be623-de19-4c31-b4b0-2a240303879d', 'authenticated', 'authenticated', 'logintest1750244772898@example.com', '$2a$10$soo6.vhv5HVBl.5A.foo8OQQWfuLHu.J2b5nOz528swlkfcx6icK.', '2025-06-18 14:06:12.972152+03', NULL, '', NULL, '', NULL, '', '', NULL, '2025-06-18 14:06:12.989156+03', '{"provider": "email", "providers": ["email"]}', '{"sub": "e05be623-de19-4c31-b4b0-2a240303879d", "email": "logintest1750244772898@example.com", "full_name": "Login Test User 1750244772898", "email_verified": true, "phone_verified": false}', NULL, '2025-06-18 14:06:12.967421+03', '2025-06-18 14:06:12.990577+03', NULL, NULL, '', '', NULL, '', 0, NULL, '', NULL, false, NULL, false);
INSERT INTO auth.users (instance_id, id, aud, role, email, encrypted_password, email_confirmed_at, invited_at, confirmation_token, confirmation_sent_at, recovery_token, recovery_sent_at, email_change_token_new, email_change, email_change_sent_at, last_sign_in_at, raw_app_meta_data, raw_user_meta_data, is_super_admin, created_at, updated_at, phone, phone_confirmed_at, phone_change, phone_change_token, phone_change_sent_at, email_change_token_current, email_change_confirm_status, banned_until, reauthentication_token, reauthentication_sent_at, is_sso_user, deleted_at, is_anonymous) VALUES ('00000000-0000-0000-0000-000000000000', 'a5a05d53-89db-4de3-a4a2-94ead6c8e449', 'authenticated', 'authenticated', 'test@example.com', '$2a$10$GbhE/QXeTFlXWUjcKsR6aOmNlP4pRIHUSv.xuya8raNWtgqff2j5G', '2025-06-18 13:57:20.6497+03', NULL, '', NULL, '', NULL, '', '', NULL, '2025-06-18 13:57:20.759009+03', '{"provider": "email", "providers": ["email"]}', '{"sub": "a5a05d53-89db-4de3-a4a2-94ead6c8e449", "email": "test@example.com", "full_name": "Test User", "email_verified": true, "phone_verified": false}', NULL, '2025-06-18 13:57:20.610862+03', '2025-06-18 13:57:20.901734+03', NULL, NULL, '', '', NULL, '', 0, NULL, '', NULL, false, NULL, false);
INSERT INTO auth.users (instance_id, id, aud, role, email, encrypted_password, email_confirmed_at, invited_at, confirmation_token, confirmation_sent_at, recovery_token, recovery_sent_at, email_change_token_new, email_change, email_change_sent_at, last_sign_in_at, raw_app_meta_data, raw_user_meta_data, is_super_admin, created_at, updated_at, phone, phone_confirmed_at, phone_change, phone_change_token, phone_change_sent_at, email_change_token_current, email_change_confirm_status, banned_until, reauthentication_token, reauthentication_sent_at, is_sso_user, deleted_at, is_anonymous) VALUES ('00000000-0000-0000-0000-000000000000', '2349ec08-f17e-4fcd-8d75-880c37f1c876', 'authenticated', 'authenticated', 'finaltest1750244542499@example.com', '$2a$10$b52vaDleyMro7HOpk6ONMO/oY/zkc9ik5j/Bu9h1LvkA9eD3ubhIK', '2025-06-18 14:02:22.583549+03', NULL, '', NULL, '', NULL, '', '', NULL, '2025-06-18 14:02:22.600963+03', '{"provider": "email", "providers": ["email"]}', '{"sub": "2349ec08-f17e-4fcd-8d75-880c37f1c876", "email": "finaltest1750244542499@example.com", "full_name": "Final Test User 1750244542499", "email_verified": true, "phone_verified": false}', NULL, '2025-06-18 14:02:22.579831+03', '2025-06-18 14:02:22.602966+03', NULL, NULL, '', '', NULL, '', 0, NULL, '', NULL, false, NULL, false);


--
-- Data for Name: identities; Type: TABLE DATA; Schema: auth; Owner: supabase_auth_admin
--

INSERT INTO auth.identities (provider_id, user_id, identity_data, provider, last_sign_in_at, created_at, updated_at, id) VALUES ('a5a05d53-89db-4de3-a4a2-94ead6c8e449', 'a5a05d53-89db-4de3-a4a2-94ead6c8e449', '{"sub": "a5a05d53-89db-4de3-a4a2-94ead6c8e449", "email": "test@example.com", "full_name": "Test User", "email_verified": false, "phone_verified": false}', 'email', '2025-06-18 13:57:20.6393+03', '2025-06-18 13:57:20.639329+03', '2025-06-18 13:57:20.639329+03', '6d73716d-ab5d-4deb-80e7-251fb282ea6e');
INSERT INTO auth.identities (provider_id, user_id, identity_data, provider, last_sign_in_at, created_at, updated_at, id) VALUES ('673f4b6b-787c-4f3c-8e68-d9db976c3144', '673f4b6b-787c-4f3c-8e68-d9db976c3144', '{"sub": "673f4b6b-787c-4f3c-8e68-d9db976c3144", "email": "testform1750244423993@example.com", "full_name": "Test Form User 1750244423993", "email_verified": false, "phone_verified": false}', 'email', '2025-06-18 14:00:24.061434+03', '2025-06-18 14:00:24.061458+03', '2025-06-18 14:00:24.061458+03', '5c1ac4af-d1fb-43a2-ac3b-f810a7663e49');
INSERT INTO auth.identities (provider_id, user_id, identity_data, provider, last_sign_in_at, created_at, updated_at, id) VALUES ('1068d03c-5d73-44e8-abfe-6eaa220b41fc', '1068d03c-5d73-44e8-abfe-6eaa220b41fc', '{"sub": "1068d03c-5d73-44e8-abfe-6eaa220b41fc", "email": "baltzakis.themis@gmail.com", "full_name": "Themistoklis Baltzakis", "avatar_url": "", "email_verified": false, "phone_verified": false}', 'email', '2025-06-18 14:01:34.608668+03', '2025-06-18 14:01:34.608698+03', '2025-06-18 14:01:34.608698+03', 'd89c1578-b087-4514-9b9b-8492b2f40cdf');
INSERT INTO auth.identities (provider_id, user_id, identity_data, provider, last_sign_in_at, created_at, updated_at, id) VALUES ('2349ec08-f17e-4fcd-8d75-880c37f1c876', '2349ec08-f17e-4fcd-8d75-880c37f1c876', '{"sub": "2349ec08-f17e-4fcd-8d75-880c37f1c876", "email": "finaltest1750244542499@example.com", "full_name": "Final Test User 1750244542499", "email_verified": false, "phone_verified": false}', 'email', '2025-06-18 14:02:22.581689+03', '2025-06-18 14:02:22.58171+03', '2025-06-18 14:02:22.58171+03', '5eccb53b-0eb0-490f-8ef2-014bed44bdb1');
INSERT INTO auth.identities (provider_id, user_id, identity_data, provider, last_sign_in_at, created_at, updated_at, id) VALUES ('e05be623-de19-4c31-b4b0-2a240303879d', 'e05be623-de19-4c31-b4b0-2a240303879d', '{"sub": "e05be623-de19-4c31-b4b0-2a240303879d", "email": "logintest1750244772898@example.com", "full_name": "Login Test User 1750244772898", "email_verified": false, "phone_verified": false}', 'email', '2025-06-18 14:06:12.970041+03', '2025-06-18 14:06:12.97007+03', '2025-06-18 14:06:12.97007+03', '652a299f-6bf7-477b-adc5-a7bdb2f90565');


--
-- Data for Name: refresh_tokens; Type: TABLE DATA; Schema: auth; Owner: supabase_auth_admin
--

INSERT INTO auth.refresh_tokens (instance_id, id, token, user_id, revoked, created_at, updated_at, parent, session_id) VALUES ('00000000-0000-0000-0000-000000000000', 1, 't33j7hoj26u5', 'a5a05d53-89db-4de3-a4a2-94ead6c8e449', false, '2025-06-18 13:57:20.816503+03', '2025-06-18 13:57:20.816503+03', NULL, '7f64c635-3ff8-43ac-be0c-6e2602602d99');
INSERT INTO auth.refresh_tokens (instance_id, id, token, user_id, revoked, created_at, updated_at, parent, session_id) VALUES ('00000000-0000-0000-0000-000000000000', 2, 'ujqk7x4xkxq5', '673f4b6b-787c-4f3c-8e68-d9db976c3144', false, '2025-06-18 14:00:24.072959+03', '2025-06-18 14:00:24.072959+03', NULL, '4966ead8-45b3-4a8e-b022-ad13110db2d0');
INSERT INTO auth.refresh_tokens (instance_id, id, token, user_id, revoked, created_at, updated_at, parent, session_id) VALUES ('00000000-0000-0000-0000-000000000000', 3, 'hwtqf3vxr726', '1068d03c-5d73-44e8-abfe-6eaa220b41fc', false, '2025-06-18 14:01:34.633055+03', '2025-06-18 14:01:34.633055+03', NULL, '01083aa1-2fa8-42a9-8fde-e34f32bec3b5');
INSERT INTO auth.refresh_tokens (instance_id, id, token, user_id, revoked, created_at, updated_at, parent, session_id) VALUES ('00000000-0000-0000-0000-000000000000', 4, 'abqc4ztspwc3', '1068d03c-5d73-44e8-abfe-6eaa220b41fc', false, '2025-06-18 14:02:02.182504+03', '2025-06-18 14:02:02.182504+03', NULL, 'eb12cfb1-d268-4e1f-ae0b-f8875fba55d8');
INSERT INTO auth.refresh_tokens (instance_id, id, token, user_id, revoked, created_at, updated_at, parent, session_id) VALUES ('00000000-0000-0000-0000-000000000000', 5, 'khuyhgbfebz7', '1068d03c-5d73-44e8-abfe-6eaa220b41fc', false, '2025-06-18 14:02:14.193915+03', '2025-06-18 14:02:14.193915+03', NULL, '540aa3cb-6387-4e27-bdac-54910135790d');
INSERT INTO auth.refresh_tokens (instance_id, id, token, user_id, revoked, created_at, updated_at, parent, session_id) VALUES ('00000000-0000-0000-0000-000000000000', 6, '4j7ejoc4tg6f', '1068d03c-5d73-44e8-abfe-6eaa220b41fc', false, '2025-06-18 14:02:15.184955+03', '2025-06-18 14:02:15.184955+03', NULL, '7ccbe36e-ca5d-42b5-b446-7012d347efa9');
INSERT INTO auth.refresh_tokens (instance_id, id, token, user_id, revoked, created_at, updated_at, parent, session_id) VALUES ('00000000-0000-0000-0000-000000000000', 7, 'ua2vr5swedlu', '2349ec08-f17e-4fcd-8d75-880c37f1c876', false, '2025-06-18 14:02:22.601661+03', '2025-06-18 14:02:22.601661+03', NULL, '3c134d4d-103f-44e1-803f-95771084ec72');
INSERT INTO auth.refresh_tokens (instance_id, id, token, user_id, revoked, created_at, updated_at, parent, session_id) VALUES ('00000000-0000-0000-0000-000000000000', 9, 'rzfr4qia4pmz', '1068d03c-5d73-44e8-abfe-6eaa220b41fc', false, '2025-06-18 14:07:49.126399+03', '2025-06-18 14:07:49.126399+03', NULL, '66e6d39d-01fc-48f3-aa25-6b4e9164315f');
INSERT INTO auth.refresh_tokens (instance_id, id, token, user_id, revoked, created_at, updated_at, parent, session_id) VALUES ('00000000-0000-0000-0000-000000000000', 10, 'yhok77elzuvf', '1068d03c-5d73-44e8-abfe-6eaa220b41fc', false, '2025-06-18 14:12:14.314146+03', '2025-06-18 14:12:14.314146+03', NULL, '306b4c7d-46b0-4d0f-963c-a3883bad4bfa');
INSERT INTO auth.refresh_tokens (instance_id, id, token, user_id, revoked, created_at, updated_at, parent, session_id) VALUES ('00000000-0000-0000-0000-000000000000', 11, 'qpnexkjdponw', '1068d03c-5d73-44e8-abfe-6eaa220b41fc', false, '2025-06-18 14:14:43.233657+03', '2025-06-18 14:14:43.233657+03', NULL, '9e40e1fd-9119-438a-a0f3-b07ea5d99453');
INSERT INTO auth.refresh_tokens (instance_id, id, token, user_id, revoked, created_at, updated_at, parent, session_id) VALUES ('00000000-0000-0000-0000-000000000000', 12, '3ahf54iomdhc', '1068d03c-5d73-44e8-abfe-6eaa220b41fc', false, '2025-06-18 14:16:17.399164+03', '2025-06-18 14:16:17.399164+03', NULL, 'e9afad2b-3c82-40ed-994f-444bad43ffa1');
INSERT INTO auth.refresh_tokens (instance_id, id, token, user_id, revoked, created_at, updated_at, parent, session_id) VALUES ('00000000-0000-0000-0000-000000000000', 13, 'mjprm7vy4dbx', '1068d03c-5d73-44e8-abfe-6eaa220b41fc', false, '2025-06-18 14:17:14.859989+03', '2025-06-18 14:17:14.859989+03', NULL, '34dc40ac-3045-43a3-9e4c-4dbb9a78879e');
INSERT INTO auth.refresh_tokens (instance_id, id, token, user_id, revoked, created_at, updated_at, parent, session_id) VALUES ('00000000-0000-0000-0000-000000000000', 14, 'zhf627wreigz', '1068d03c-5d73-44e8-abfe-6eaa220b41fc', false, '2025-06-18 14:17:55.160436+03', '2025-06-18 14:17:55.160436+03', NULL, 'f096a9f3-b2ec-47f7-9608-0b359c609515');
INSERT INTO auth.refresh_tokens (instance_id, id, token, user_id, revoked, created_at, updated_at, parent, session_id) VALUES ('00000000-0000-0000-0000-000000000000', 15, 'ibpczqgnbbg6', '1068d03c-5d73-44e8-abfe-6eaa220b41fc', false, '2025-06-18 14:19:57.243676+03', '2025-06-18 14:19:57.243676+03', NULL, '07685f56-f17e-4b8c-b8c7-f6d8a248605e');
INSERT INTO auth.refresh_tokens (instance_id, id, token, user_id, revoked, created_at, updated_at, parent, session_id) VALUES ('00000000-0000-0000-0000-000000000000', 16, '7td4xttp2wdr', '1068d03c-5d73-44e8-abfe-6eaa220b41fc', false, '2025-06-18 14:31:24.714597+03', '2025-06-18 14:31:24.714597+03', NULL, '69b604c4-66c6-43ba-9365-fbb55b3e18fb');
INSERT INTO auth.refresh_tokens (instance_id, id, token, user_id, revoked, created_at, updated_at, parent, session_id) VALUES ('00000000-0000-0000-0000-000000000000', 17, 'x4jv4mc4pf5o', '1068d03c-5d73-44e8-abfe-6eaa220b41fc', false, '2025-06-18 14:39:50.664662+03', '2025-06-18 14:39:50.664662+03', NULL, '056a0a39-2d46-449a-9154-d44e96fb392a');
INSERT INTO auth.refresh_tokens (instance_id, id, token, user_id, revoked, created_at, updated_at, parent, session_id) VALUES ('00000000-0000-0000-0000-000000000000', 18, 'oftihing3xds', '1068d03c-5d73-44e8-abfe-6eaa220b41fc', false, '2025-06-18 14:47:41.540622+03', '2025-06-18 14:47:41.540622+03', NULL, 'dfd72524-fa0d-4a07-9a3e-caf1172a3ce2');


--
-- Name: refresh_tokens_id_seq; Type: SEQUENCE SET; Schema: auth; Owner: supabase_auth_admin
--

SELECT pg_catalog.setval('auth.refresh_tokens_id_seq', 18, true);


--
-- PostgreSQL database dump complete
--

