/docs/login	2026-06-24
/docs/etl	2026-06-24
/docs/datalake	2026-06-24
/docs/waf	2026-06-24
/docs/audit-2026-06-20	2026-06-24
/docs/api-routes	2026-06-24
/docs/notion-integration	2026-06-24
/docs/getting-started	2026-06-24
/docs/deployment-cicd	2026-06-24
/blog/serverless-security-iam-roles-permissions	2026-06-24
/blog/gdpr-compliant-data-warehousing	2026-06-24
/blog/measuring-ai-model-performance-eu-marketing	2026-06-24
/blog/optimizing-serverless-costs-eu	2026-06-24
/blog/ai-content-strategy	2026-06-24
/blog/getting-started-with-cloudless	2026-06-24
/blog/building-analytics-dashboard	2026-06-24
